Wavelength,Amplitude
6211.343153204220,-0.00036439469153204400
6238.766160950680,-0.0003424567319091350
6266.189168697140,-0.0002547048934173900
6293.612176443600,-0.00016695305492570000
6321.0351841900600,-0.00043020857040077000
6348.458191936520,-0.0002766428530403540
6375.881199682980,-0.0002766428530403540
6403.304207429440,-0.0004740844896466420
6430.727215175900,-0.0003863326511549530
6458.150222922360,-0.00016695305492570000
6485.573230668820,-0.0001230771356798280
6512.996238415280,0.00014017837979524200
6540.834746279110,-0.0003735355080415340
6568.950254221180,-0.0010639718483964100
6594.6420114786,-0.0002729865264365360
6604.24006418986,-0.00233222966970853
6623.796269714100,0.0009738208454664890
6636.755916232090,-0.0018702789199343000
6656.683733549620,0.0005789375722538020
6668.986853908130,-0.0033181842550474300
6685.6365371827600,0.0011145894197135400
6702.08075336639,-0.0036297756046368400
6720.490604720660,0.0009738208454664890
6739.325088063010,-0.0036112127157251200
6755.814507006660,0.00155298297951173
6776.25711278129,-0.002967699233452580
6793.209517570010,0.001408192446000380
6810.909822570000,-0.004731615653610240
6829.441127804730,0.000362483037307626
6825.867826795340,0.0050762192949536700
6848.304833133350,-0.004817800494986040
6866.083864471370,0.002129604928758580
6885.699843696710,-0.004078765480188710
6902.236748368060,0.002357374832352380
6919.208706103480,-0.003994481775019770
6913.122851443170,-0.008678881388621050
6936.806358133290,0.002964690681247050
6951.431962264740,-0.004206462686827170
6949.769961795260,-0.009885469167882020
6967.813054392070,0.0041109490715449100
6985.575684409670,-0.003339730465391320
6984.173371513540,-0.00909256862722485
7003.067692640290,0.004923808207047080
7018.719238414930,-0.0017496201420081900
7017.579580950140,-0.009499361078518510
7036.966327602980,0.006708661584541980
7044.005388414910,-0.0013077269553178900
7056.002954303980,-0.00723097605350792
7053.977391231800,-0.012202117704063000
7070.401866459630,0.004522608431528080
7071.428396161370,-0.0013790253240923400
7071.428396161370,0.011495266280621900
7090.0012514078300,-0.007641215898456680
7088.879401090930,-0.014125763363570500
7109.416978320970,0.005639293591942100
7110.4854071942000,-0.0009969391939930740
7108.823406724720,0.01317759438427720
7128.636201795130,-0.007472293609360140
7135.934789383150,0.0010039855399480200
7132.008313274000,-0.014832479062851800
7149.957918344410,0.011001905944213000
7153.143419244250,0.004298640503874410
7166.411722992290,-0.0015600134909815000
7171.504567288060,-0.009586695051112650
7171.148424330310,-0.016159725620038900
7189.84592961199,0.007475988322594830
7195.870681313860,-0.0014393547130554000
7191.092429964100,0.015383926323497200
7209.634122701770,-0.009402834056177650
7209.789935245780,-0.016018957045791800
7229.0740289284500,0.0037844606136272500
7228.175815439430,-0.0035207186322805400
7231.567029632670,0.013380382246337800
7252.170947217580,-0.010877552453052100
7259.536631116420,0.006502186670443890
7260.065449447620,-0.0009030934778283540
7250.924446865470,-0.004817800494986040
7253.417447569690,-0.017848948511004200
7272.9779146336,0.014636107084482700
7279.9339096055300,0.0065241246300668000
7289.031743344320,-0.0010946153475522900
7289.877582868960,-0.006627682163877440
7295.142406724590,-0.012959092773999300
7295.798459541490,-0.01898658841716460
7315.742465175280,0.008261611032202580
7319.793591319650,-0.0022688838112973100
7316.988965527400,0.016659461975858700
7338.573103203440,-0.012146233638497300
7348.83138361316,0.0027727335345464300
7338.1794715133000,-0.01853842724201050
7357.5002269710300,-0.005059118050838250
7361.203066252300,0.014515994273877500
7365.048479103260,0.007784338532850430
7375.57448207665,0.00024986817790989500
7382.320248688080,-0.01349103735532060
7384.299984541430,-0.006567352774914440
7385.546484893540,-0.019586434913140000
7406.113740703390,0.012388141237274900
7406.065798382160,0.0052247224062473300
7405.490490527330,-0.0008762804160669660
7410.47649193578,-0.0058313342295652200
7401.750989471000,0.01871066120060230
7429.298647252670,-0.013794813572687400
7437.650199611820,0.00041879046700643600
7431.666997921680,-0.006265705830099170
7427.927496865350,-0.020455178114207800
7451.1435659234300,0.00869598263273652
7451.131580343120,0.0171977857542982
7459.588605808990,-0.00011210815586837300
7472.40787785123,-0.01005058117978090
7484.554227147000,0.006972285805220860
7474.7079218446000,-0.01939621989852710
7490.9648003864300,-0.0012669850303038100
7499.30604334417,0.013827155925593600
7501.055517522570,-0.006721527880042210
7497.731516583610,0.021244495537050300
7504.462618485010,0.005462327384317180
7527.647525034290,0.0013116654236595700
7521.830523391100,-0.015608142635233900
7520.395159349280,-0.02456196415561960
7528.894025386400,-0.007200811359026390
7544.658588663110,0.019200393887478800
7544.683029846490,0.012496734137408400
7545.098529963860,0.008856861003304630
7554.002103907510,0.002628569799881460
7554.3582468652600,-0.0031285776040207400
7547.59153066808,0.025491684520048800
7570.7956141458500,-0.008493252499504
7568.782036653980,-0.015146191885459700
7567.762172729530,-0.020481503665755400
7569.529936865250,-0.026174404187904700
7584.737241161010,0.006186280051873720
7583.324540761950,-0.0007958412307829120
7576.261038766650,-0.028828897302278800
7593.7662393637,0.020289717381287400
7591.530668080020,0.013341345582891100
7592.465543344110,0.02972508392842720
7602.714546239250,-0.0074454805475987500
7611.786298801840,0.0050762192949536700
7612.825049095270,-0.0015197938983394500
7618.517400703240,-0.016569965464987600
7616.356800092920,-0.02408298537051910
7616.14905003423,-0.029311532413983200
7618.226550621080,-0.032891076159124000
7635.158180403930,-0.007532622998323190
7641.6695046116800,0.021701728800770200
7641.079057076470,0.01448760397318900
7642.04855735033,0.009232243867963560
7643.03784334407,0.004145423008095230
7643.03784334407,-0.001163563220652920
7645.649558367540,-0.005622192347826680
7643.092634568340,0.03163971332760610
7663.803717341890,-0.013765112950428700
7663.036640202130,-0.021283082959670000
7676.515281372220,0.010833366698855900
7674.111316407430,0.0035076551819144300
7673.903566348740,-0.0013589155277713400
7673.903566348740,-0.00666790175651949
7668.29431476424,-0.027380991967165600
7665.385813942650,-0.03435909129055810
7662.269563062370,-0.03787830564673580
7690.814421125730,0.02447815078546960
7689.6925708088300,0.017245518897214000
7693.681371935580,-0.01345696899449440
7691.686971372210,0.03498350838356820
7682.213568696160,0.03041456265943340
7696.788034351620,0.008900174410765240
7701.880574251700,-0.0004204583661239770
7712.129577146840,-0.020302343662168200
7721.789954875710,0.01412562763941070
7721.4783297876800,-0.007311415238791970
7718.184007428530,-0.027967048888520900
7713.625377569370,-0.0346205186427313
7718.3620789074000,-0.013505232505664800
7712.841863062330,-0.03956752853770120
7714.6225778510600,-0.04262421757849560
7738.617709629220,0.02180254238495850
7735.926402050790,0.005449164608543390
7732.696832956680,-0.0004740844896466420
7739.552584893300,-0.019658830179895600
7740.31966203306,0.037951095557586400
7739.552584893300,0.031379832882842200
7742.045585597520,0.02579505516169160
7746.754586927720,0.014755734590802500
7745.785086653860,0.008997629577551740
7742.045585597520,0.04296307556374720
7760.64720623673,-0.008901636055561550
7761.712591153070,-0.01688367828759550
7765.521342228960,0.0006922836969722180
7767.5295927962500,-0.022407169010434400
7765.729092287650,-0.027742968300943900
7765.729092287650,-0.03305195452969210
7763.485391653850,-0.03809549144700290
7765.105842111590,-0.04385091515407750
7791.7670996428700,0.02932863365809860
7788.477723713690,0.023356024150756900
7788.477723713690,0.01804703792200880
7787.916798555240,0.012291614214934100
7789.412598977770,0.0070067597417711700
7788.858598821280,-0.007767237288735020
7789.412598977770,-0.014953137840778000
7795.467029259460,0.0015943517033721300
7788.581598743030,-0.003209016789304800
7791.905599682000,0.04467911151647390
7791.905599682000,0.039370125287725800
7786.919598273550,0.0352409137764772
7814.176405973060,-0.023286637436206800
7819.328607428460,0.019603536157255400
7816.835606724230,0.013522333749780200
7816.835606724230,0.008213347521032140
7818.195425290170,-0.012496086363010200
7813.096105667900,-0.01724565462137370
7825.311809118590,0.0031939423593065900
7823.691358660850,-0.0031285776040207400
7819.328607428460,-0.00723097605350792
7820.325807710140,-0.0328106369738399
7815.838406442540,-0.040412139983183800
7818.393732164370,-0.045057502933338400
7842.359185362710,0.03363213007079600
7842.149152336350,0.025551085764566300
7842.388863942520,-0.024605840074865500
7846.176307320090,0.018200181755530400
7846.336115057540,0.00998300959728149
7850.740416301670,-0.014760083796096200
7844.258614470690,-0.02171002940463920
7842.8043640598900,0.045175153159059000
7835.533112005910,0.04054990000522540
7851.986916653790,0.0029043612922840000
7848.532329963650,-0.004231743573630760
7867.817471125600,-0.030590515459999700
7872.097122334520,-0.008638661795979000
7877.664823907290,0.01786604975511960
7876.044373449540,0.011350475747110600
7873.8976228431300,-0.015006763964300700
7872.616497481240,-0.02104640612604570
7875.005623156120,-0.025008036001285800
7869.188621512930,-0.04101543387281430
7869.188621512930,-0.04767579841433470
7890.283242856360,0.0041109490715449100
7892.248878027000,-0.0028872600481685300
7894.851864056410,0.03844901775427690
7895.365128907280,0.031138515326990000
7895.365128907280,0.025829529098241900
7897.76224496903,0.018961260200910300
7901.182130550460,0.011270036561826500
7895.365128907280,0.04698503482795040
7908.827332710080,-0.008316905054842780
7915.8433489776800,0.004214370881195860
7919.0486355974,-0.0019219898247597700
7919.432174167280,-0.017663319621887200
7918.113760333320,-0.024605840074865500
7918.009885303970,-0.02935175200662520
7921.853261389650,-0.03688287072884560
7919.0486355974,-0.04339413549478590
7922.788136653740,-0.04692771399119290
7933.5911397053700,-0.010287665094302300
7942.636257645050,0.017420540421238700
7941.841784893160,0.009868096475447120
7947.622259053500,0.0021618457358156800
7945.973043203020,-0.003466422182213820
7944.975842921330,-0.019200326823776400
7944.477242780480,-0.026970752122216900
7948.439801794560,0.03569814704019710
7948.632243954190,0.02726134659629810
7949.58789422414,0.022933718428015600
7948.964644048080,0.044617824518162300
7961.429647569200,0.016739901161142800
7967.038899153710,0.010264546745775700
7968.354649525380,-0.010126786723734200
7974.31015120769,0.003950070700976750
7973.89465109032,-0.002766601270242420
7973.668014662660,-0.017892824430250100
7973.89465109032,-0.02442485190797630
7972.8559007968900,-0.029170763839736000
7974.187945290820,-0.03721113358055630
7974.250794048070,-0.043290713685134900
7990.633370104390,-0.009471781929278220
8001.911230433020,0.03140281550720910
8001.50942812172,0.023026532872574200
8001.040658758530,0.01829505874330130
8000.382783572700,0.012949204554631300
8001.31765883678,0.007328516482907390
8003.499034452980,0.0013056324847632300
7998.824658132560,-0.0024046249364641500
8005.472660010490,-0.016722799917027300
7997.162657663070,-0.02452540088958140
8001.31765883678,0.03986042127421910
8026.40347842303,-0.008286740360361260
8033.415042903660,0.012436404748445400
8030.236467005770,0.00551059089548761
8030.236467005770,0.0002016046667394630
8030.327121576840,-0.01622553949890770
8028.7406665832400,-0.02239010615295000
8027.494166231130,-0.027453387233921300
8026.247665879020,-0.03297151534440800
8023.7546651747900,-0.037685251602054100
8051.764261322250,0.027717484094026600
8053.6706736254800,0.021244495537050300
8054.60554888956,0.01614666216967280
8058.033424857870,-0.0072913054424709700
8059.563220744550,0.008169471601786270
8056.163674329700,0.0005256596703123730
8053.6706736254800,0.03572354888818160
8075.484429787430,-0.0036715421046881700
8080.096481090250,-0.013746550061517000
8077.3541803156,-0.020696495670060000
8076.334316391150,-0.025987931531109800
8089.957683875840,0.009232243867963560
8087.94943330855,0.0019390910688752400
8079.280589950680,-0.03156017327533310
8092.06288447052,-0.006072651785417440
8105.498846160650,0.027340939053316100
8105.489473977550,0.019227770248857000
8108.793689196640,0.014031781923246
8110.178689587880,-0.015355333767198300
8110.594189705250,-0.002002429010043830
8115.164690996330,0.00813290833574809
8115.164690996330,0.002823922106999940
8130.1226952216700,-0.00843756383276889
8134.126605443600,-0.01574290438720330
8137.090312574500,-0.0211345798483763
8132.449495878940,-0.027043147388972600
8132.20019580852,-0.030518120193244100
8153.640001864840,0.002856097781113510
8147.158200033860,-0.004636812328096930
8159.498553519770,0.020906650958857200
8157.26870288988,0.012503437402848800
8156.8809027803300,0.008213347521032140
8164.193704846060,-0.01060942183543860
8160.869703907090,0.028805778953752200
8178.009083748630,-0.00005177876690531940
8179.151709071400,-0.006909219312371710
8174.581207780320,0.015211556640745600
8174.581207780320,0.009902570411997440
8189.788512076090,-0.013070860905130900
8188.292711653550,-0.019954992634805200
8188.100942368610,-0.025292666964598600
8187.357836389470,-0.03091026122150390
8207.128716974350,-0.0021633073806119900
8212.154289822550,0.015004713021443700
8211.08586094931,0.007592816663126450
8213.721318836630,0.0036765774710109700
8216.131219517380,-0.010649641428080600
8203.250715878890,-0.014711820284925800
8216.7129196817,0.027100468225730000
8216.428005315500,0.021244495537050300
8214.4692190479,0.032827738217955300
8229.96143770986,-0.002197781317162310
8230.673723625350,0.011270036561826500
8236.282975209860,0.005920830740436310
8239.710851178160,-0.019915230082988600
8243.13872714647,-0.011229952693344200
8243.818636429440,-0.026031807450355700
8243.13872714647,-0.03344840480002070
8244.20715601971,-0.03836094075844020
8258.650731528310,-0.0010103457248737400
8258.719981547870,-0.007954928721064510
8266.406733719230,0.007328516482907390
8270.284734814680,0.02789413485386620
8270.284734814680,0.020600982054777800
8270.284734814680,0.015452874196597700
8271.55893517462,0.011881374369985400
8272.698592639410,-0.012539962282256100
8258.096731371810,-0.019779488957821700
8258.096731371810,-0.024847157630717700
8271.808235245040,0.03820567231980420
8263.08273278026,0.03331037332965970
8285.519739118270,-0.0007498759820491750
8286.142989294330,-0.006024388274247010
8286.516939399960,0.007055023252941610
8285.519739118270,0.021727130648754600
8297.98474263939,0.01448760397318900
8296.987542357700,-0.011574692058847300
8297.98474263939,-0.01744675258458390
8297.049867375310,-0.022313323294269700
8297.049867375310,-0.027622309523017900
8296.945992345960,-0.03331338188186530
8300.477743343610,-0.03833412769667890
8298.607992815450,-0.044011793524645600
8301.724243695730,-0.04722936093600820
8316.504176442200,0.007110181551422070
8315.435747568960,0.0007807668007847600
8315.435747568960,-0.004528219427963390
8326.342625649940,0.013793816000114000
8323.745749916370,-0.008960418537115320
8322.083749446890,-0.014631381099641700
8322.083749446890,-0.019216414660833300
8314.189247216840,-0.026415721743756900
8328.494322686320,0.03910199467011220
8327.900751090070,0.03164308839831730
8327.623751011830,0.026178098901139400
8327.152850878810,0.02071359691417550
8327.900751090070,0.016659461975858700
8330.393751794300,0.04892706658695130
8343.48200549147,0.004895231128064560
8342.858755315420,-0.0019219898247597700
8343.855955597110,-0.008292773299257590
8348.343356864710,-0.014663556773755300
8349.269328554850,-0.01940027565576820
8342.858755315420,0.026553481765798400
8355.323758836530,0.0190726375343806
8355.323758836530,0.013763651305632500
8355.323758836530,0.008454665076884310
8354.43340144217,-0.02743270287199110
8355.323758836530,-0.0351360606938701
8355.323758836530,-0.040445046922618200
8355.323758836530,-0.04487651476644930
8357.590123113100,-0.04959317608537840
8358.172902498500,-0.05463263881018780
8375.267764470320,0.0015288512239264900
8370.281763061880,-0.006265705830099170
8370.281763061880,-0.011574692058847300
8370.281763061880,-0.01688367828759550
8370.281763061880,-0.022192664516343600
8381.61358444471,0.01786604975511960
8380.66926599614,0.010304766338417800
8382.746766582990,0.0065241246300668000
8371.943763531360,-0.02902999526548890
8386.361617604120,0.048006612481058000
8385.239767287220,0.040506024085979500
8385.239767287220,0.0355480452111982
8384.304892023130,0.029690609991876900
8382.746766582990,0.024967680684484000
8386.278517580640,0.059815084880758400
8387.732767991440,0.05478763580050440
8399.782271395190,0.00016942899262584200
8403.521772451520,-0.006426584200667330
8403.521772451520,-0.011735570429415500
8403.521772451520,-0.017044556658163600
8403.521772451520,-0.022313323294269700
8400.696371653410,0.01593550930830210
8400.19777151256,0.009017739373872740
8397.704770808340,0.006282807074214640
8401.444271864670,0.0289666573243203
8401.444271864670,0.023657671095572200
8412.870525092360,-0.029753947933045500
8411.727899769590,-0.03630974153369660
8412.662775033680,-0.04154194490376460
8410.936851469210,-0.047215438769324300
8415.820575925690,-0.05407875756294610
8411.727899769590,-0.06083363814717520
8426.908493343530,-0.006955184561105440
8426.374278906910,-0.014349843951147500
8426.374278906910,-0.019658830179895600
8426.789779024280,-0.02508847518656990
8434.193235661060,0.017207910966431900
8433.437780902210,0.009741692041429270
8433.437780902210,0.00447292540532318
8430.737030139300,0.00012920939998378700
8428.45177949376,-0.03208668430628330
8443.172355080610,0.051581559701325400
8442.578783484360,0.04405997354489360
8441.643908220280,0.03910199467011220
8441.643908220280,0.03379300844136410
8441.643908220280,0.028544351601579000
8442.080183343520,0.024719468341321800
8444.57318404774,0.06538952042094400
8443.409783719100,0.05880959506470760
8457.121287592330,0.02052054286949370
8456.290287357590,0.013522333749780200
8455.542387146320,0.007441131342305120
8457.536787709700,0.002743482921715830
8460.029788413930,-0.002983787070509450
8460.029788413930,-0.008292773299257590
8465.37193278012,-0.013574180378765500
8463.353789352890,-0.019591797525492200
8458.783288061820,0.03451696110892070
8458.783288061820,0.029207974880172500
8474.67616755124,-0.024847157630717700
8472.494791935050,-0.030216473248428900
8472.494791935050,-0.035525459477177
8472.494791935050,-0.04056296345559150
8471.248291582930,-0.0464692106350737
8470.228427658480,-0.051962475724654500
8473.837176929630,-0.058464549449818700
8470.908336941450,-0.06457680250783700
8472.494791935050,-0.06812343931354340
8491.532251858210,0.012381559849388100
8487.452796160390,0.005027955783783230
8487.452796160390,-0.0002810304449649140
8488.283796395130,-0.005541753162542630
8484.959795456160,-0.011252935317711100
8484.959795456160,-0.016561921546459200
8484.959795456160,-0.020986076737082600
8500.459756356340,0.05107344385390990
8498.98292441742,0.04386801639819290
8498.98292441742,0.038559030169444800
8498.98292441742,0.03325004394069660
8498.98292441742,0.02794105771194850
8498.421999258970,0.02216150224928860
8504.280550913900,0.017624732199267500
8487.452796160390,-0.02846692096850050
8487.452796160390,-0.033775907197248700
8487.452796160390,-0.040774116316962100
8503.034050561780,0.06986998304126620
8502.410800385730,0.06382363761408080
8502.054657427980,0.059234773615494800
8514.460303789480,0.012195087192593200
8517.36880461107,0.0038696315156927500
8517.36880461107,-0.0014393547130554000
8517.36880461107,-0.006748340941803540
8517.36880461107,-0.01205732717055170
8517.36880461107,-0.017269786376958900
8516.122304258960,0.04199780534033850
8516.122304258960,0.03668881911159030
8516.122304258960,0.031379832882842200
8516.122304258960,0.026070846654094000
8516.122304258960,0.02076186042534590
8531.646899553440,-0.023289562497489900
8529.556808053940,-0.02964669568600010
8529.556808053940,-0.03495568191474820
8529.556808053940,-0.040264668143496400
8529.556808053940,-0.04557365437224450
8528.79505783876,-0.050627916514259800
8532.326808836410,-0.05514347986997880
8532.326808836410,-0.06273401389951120
8527.340807427970,-0.06911552259871350
8534.819809540640,-0.0721453985777466
8544.435669399780,0.013039698638075900
8544.79181235753,0.006668915163578090
8544.79181235753,0.001359928934829950
8544.79181235753,-0.003949057293918200
8544.79181235753,-0.009258043522666350
8546.453812827010,-0.014953137840778000
8557.256815878650,0.03824014625635440
8555.11995813217,0.031483254692493100
8553.101814704940,0.025829529098241900
8553.339243343440,0.02072738648879560
8544.79181235753,-0.019296853846117300
8544.79181235753,-0.024605840074865500
8544.79181235753,-0.02991482630361360
8544.79181235753,-0.03522381253236180
8544.79181235753,-0.040532798761109900
8544.79181235753,-0.04584178498985810
8560.336404983870,0.06567531611454140
8562.242817287100,0.05801251586507460
8562.242817287100,0.05270352963632650
8561.827317169720,0.047568218921259800
8562.86606746315,0.0433250518975255
8562.242817287100,0.07192118226600990
8575.019445896240,0.017564402810304400
8574.707820808210,0.01033694201253140
8574.707820808210,0.005027955783783230
8573.639391934970,-0.0012325110937535500
8573.461320456100,0.03668881911159030
8574.707820808210,0.029771049177160900
8575.954321160330,0.024864258874833100
8578.198021794130,-0.007617084142871430
8579.693822216660,-0.013022597393960400
8579.693822216660,-0.01833158362270860
8579.693822216660,-0.02364056985145670
8585.510823859850,-0.02754187033773380
8592.98982597252,-0.03297151534440800
8591.881825659530,-0.03929939792008760
8591.881825659530,-0.04460838414883580
8591.881825659530,-0.04981011813053850
8589.892461461210,-0.05488022435450370
8593.40532608989,-0.05989853261824800
8593.50121073236,-0.06642802879294090
8588.419324681440,-0.07009419935300300
8608.051705227200,-0.0014996841020184500
8607.11682996312,-0.008582354366280190
8607.11682996312,-0.013891340595028300
8607.11682996312,-0.019007272779094700
8604.623829258900,-0.023962326592593000
8616.839532709590,0.03379300844136410
8615.426832310530,0.026714360136366600
8615.426832310530,0.02140537390761840
8615.426832310530,0.01649858360529060
8612.102831371570,0.011012631168917500
8612.102831371570,0.006234543563044150
8607.11682996312,-0.02991482630361360
8607.11682996312,-0.03522381253236180
8607.11682996312,-0.040532798761109900
8607.11682996312,-0.04765166665874950
8624.567834892690,0.059453108546980100
8624.567834892690,0.05235252228235970
8624.567834892690,0.0470435360536115
8624.567834892690,0.04204168125958440
8624.567834892690,0.06757746626067050
8638.279338765920,0.03572354888818160
8638.279338765920,0.03041456265943340
8638.279338765920,0.025105576430685300
8637.531438554650,0.01941048211257370
8639.525839118030,0.013844090490916500
8642.01883982225,0.009275144766781760
8642.01883982225,0.003966158538033620
8642.01883982225,-0.001342827690714530
8642.01883982225,-0.006651813919462680
8641.18783958751,-0.012379083911687900
8653.577297632740,-0.020305999988772000
8652.34698559689,-0.02743270287199110
8652.34698559689,-0.03274168910073930
8652.34698559689,-0.038050675329487400
8652.988042920840,-0.04280118378612050
8659.469844751820,-0.048923224549201400
8654.760843421620,-0.05536042191513880
8656.699843969350,-0.060964351823261900
8670.376722832790,-0.01205732717055170
8674.427848977160,0.01780572036615660
8674.427848977160,0.010916104146576600
8674.427848977160,0.005607117917828480
8674.427848977160,0.0002981316890803830
8675.923649399690,-0.004624746450304310
8671.934848272940,-0.020865417959156600
8671.934848272940,-0.026858137262819200
8671.934848272940,-0.0319258059357152
8671.934848272940,-0.03510315375443570
8669.44184756871,-0.040532798761109900
8686.726652451330,0.0364957650669086
8685.957977234190,0.02917781018569100
8683.901251653210,0.024671204830151400
8689.972441603490,0.05565353997150350
8691.878853906720,0.04774555076154510
8691.567228818700,0.04356636945337770
8704.897857584340,0.018724067731483000
8704.34385742784,0.011302212235940100
8703.5128571931,0.005599073999300100
8703.09735707573,0.036206183999886000
8703.09735707573,0.030897197771137800
8703.09735707573,0.02558821154238970
8705.590357779950,0.0007325032896142730
8709.883858992780,-0.006801967065326260
8708.498858601550,-0.01451072232171560
8717.639861183700,-0.019779488957821700
8722.792062639100,-0.02672943456636470
8721.51786227916,-0.03248888023270360
8720.75611206398,-0.03793863503569890
8722.542762568670,-0.04364579523160320
8721.51786227916,-0.048469465042470800
8737.687741846830,-0.0014996841020184500
8736.752866582750,-0.008389300321598400
8736.752866582750,-0.01369828655034660
8737.99936693486,-0.018874548123376000
8744.23186869542,0.01562179648569430
8741.738867991200,0.007827239431668630
8740.492367639080,0.0050762192949536700
8736.752866582750,-0.026536380521683
8736.752866582750,-0.034137883531026900
8755.083754113800,0.03522671862613300
8753.268996248230,0.027760069545059400
8752.067013765840,0.022830296618364700
8757.080410786420,0.043445710675451600
8769.518018695400,0.017521310389616600
8772.485876676620,0.01022432715313370
8771.65487644188,0.004352266627397130
8770.408376089770,0.03186246799454660
8770.408376089770,0.026553481765798400
8776.640877850330,-0.001342827690714530
8776.640877850330,-0.006651813919462680
8775.809877615590,-0.012177985948477800
8789.105881371440,-0.01912135016913390
8788.879244943790,-0.02662413236017470
8789.99623876581,-0.032414186703511300
8804.99876086087,-0.00904085772239932
8810.296387357350,0.005269273339635390
8810.047087286920,-0.00250115195880507
8806.55688630101,-0.017305984010336800
8804.063885596790,-0.024002546185235000
8818.772589751710,0.014101495883825500
8827.622742251700,0.023018179572563900
8841.043396042770,0.013763651305632500
8842.705396512250,0.0055588544066580400
8846.444897568590,-0.0006671385343283710
8845.37646869535,-0.006369127639750120
8851.98489913353,-0.013961054555607900
8865.29821539428,-0.02199659400221370
8883.092007920680,-0.012346908237574300
8879.684906958240,-0.0193772930314014
8888.82590954039,-0.002935523559339020
8892.565410596730,0.0054683603232134600
8898.797912357280,0.01395670535031420
8910.483853158330,0.021093672064642600
8911.262915878400,0.027587699862307800
8923.72791939952,0.010192151479020100
8923.72791939952,0.021727130648754600
8923.72791939952,0.016418144420006500
8929.267920964460,0.000812942474898326
8928.713920807970,-0.006507023385951380
8933.699922216420,-0.014175559049698700
8942.009924563830,-0.02082519836651450
8940.82278137134,-0.02643295871203210
8951.98192738072,-0.032837450035601200
8949.655126723450,-0.03980884609355330
8966.42055645935,-0.016823348898632400
8964.86243101921,-0.02406287557419810
8969.225182251600,0.0027233731253948300
8968.601932075550,-0.004431692405622580
8968.601932075550,-0.009740678634370730
8971.648932936260,0.022102513513413600
8971.09493277977,0.014680658017870800
8971.09493277977,0.009564725833804360
8983.39373625394,0.03696231234155620
8980.568335455820,0.02988366403655860
8987.99193755284,0.04931777120118820
8987.833651793840,0.04306649737339810
8989.792438061450,0.05478763580050440
9002.079370103690,0.02613979452719470
9001.010941230450,0.019603536157255400
8999.942512357220,0.013212068320827400
8999.764440878340,0.036206183999886000
8999.764440878340,0.030897197771137800
9003.503941934680,0.008535104262168360
9005.9969426389,0.0035800504486701000
9005.9969426389,-0.0017289357800780400
9004.928513765660,-0.007920454784514200
9010.626801089600,-0.01488418996767730
9010.982944047350,-0.021420448337616600
9010.982944047350,-0.02672943456636470
9010.151943812610,-0.032328001862135500
9019.292946394760,-0.03723479216446340
9022.379518695230,-0.044600723274046800
9021.952147145930,-0.051778196863821800
9026.59700108959,-0.05906344686575950
9027.187448624800,-0.06599180090351580
9039.340827057890,-0.01815059545581940
9038.405951793810,-0.02508847518656990
9038.405951793810,-0.030011353325954500
9037.159451441700,-0.03522381253236180
9043.945953358750,0.01647177054352920
9043.391953202250,0.009082090722099980
9043.391953202250,0.003773104493351830
9043.391953202250,-0.0015358817353963200
9043.391953202250,-0.006844867964144460
9042.560952967510,-0.010448543464870400
9038.405951793810,-0.04149806898451870
9038.405951793810,-0.046807055213266800
9038.405951793810,-0.052116041442014900
9052.457410308520,0.05173825941291770
9051.701955549670,0.0442501025282922
9051.701955549670,0.03902155548482820
9048.377954610700,0.033696481419023200
9048.377954610700,0.02838749519027510
9049.001204786760,0.024502282541054900
9062.286274329000,0.07085430465066340
9059.908082867740,0.06438000864562890
9060.130672216330,0.059579512980997900
9060.84295813182,0.0848316715041019
9063.335958836040,0.07819543871816670
9075.38546223979,0.05237446024198260
9074.55446200505,0.045858886233973500
9073.806561793780,0.04006726489352100
9075.800962357160,0.03459740029420470
9078.293963061390,0.029256238391342900
9078.293963061390,0.0239472521625948
9078.293963061390,0.018638265933846700
9078.293963061390,0.013329279705098500
9078.293963061390,0.00802029347635036
9078.293963061390,0.0027113072476022100
9077.462962826650,-0.002927479640810580
9077.047462709270,0.06540560825800070
9077.047462709270,0.06009662202925260
9079.540463413500,-0.007834269943138410
9083.833964626330,-0.015543025199527700
9083.279964469830,-0.022868353672729700
9082.44896423509,-0.02846692096850050
9084.526464821940,-0.0337155778082856
9088.819966034780,-0.04144444286099600
9093.608110244470,-0.04880654353318490
9093.608110244470,-0.05411552976193310
9093.608110244470,-0.059424515990681200
9092.317092022640,-0.06469471904081030
9101.042594487430,-0.0722057279667096
9099.484469047290,-0.07914360769746000
9099.484469047290,-0.08445259392620820
9099.484469047290,-0.08915828626532590
9100.107719223340,-0.09470859004992620
9116.045116582490,-0.005438331352891680
9115.68897362474,-0.011767746103529000
9115.68897362474,-0.01707673233227720
9115.68897362474,-0.022385718561025300
9115.68897362474,-0.027694704789773500
9115.68897362474,-0.03300369101852160
9116.51997385948,-0.03876313668486050
9113.195972920520,-0.043428609431336200
9113.195972920520,-0.04873759566008430
9113.195972920520,-0.054046581888832400
9113.195972920520,-0.05935556811758060
9113.195972920520,-0.06418191923462440
9121.60985029727,0.04567789806708430
9120.674975033190,0.03861935955840780
9120.674975033190,0.03331037332965970
9120.674975033190,0.028001387100911500
9120.674975033190,0.0226924008721634
9120.674975033190,0.01738341464341530
9120.674975033190,0.01207442841466720
9121.505975267930,0.006242587481572580
9119.428474681080,0.0018787616799121900
9131.605824274780,0.07409304026867950
9128.984977380600,0.06596868255498920
9128.984977380600,0.06065969632624100
9128.984977380600,0.05539092969013490
9133.139978554310,0.05165050757442600
9138.125979962750,0.10718035848219100
9138.125979962750,0.10017727426033900
9138.125979962750,0.09486828803159060
9138.125979962750,0.0895593018028425
9137.71047984538,0.08422837761447140
9136.630179540220,0.08070514129902950
9139.16473025618,0.11684646724715900
9151.144983640360,0.04553712949283730
9150.590983483870,0.0380401974243626
9150.590983483870,0.03273121119561450
9149.759983249130,0.027317654025997100
9151.837483835980,0.07216249982186200
9151.837483835980,0.06685351359311390
9151.837483835980,0.06154452736436570
9151.837483835980,0.05623554113561760
9149.344483131760,0.05309841290953920
9155.220841934570,0.019038163597830300
9155.576984892320,0.012460536504030600
9155.576984892320,0.00715155027528247
9155.576984892320,0.001842564046534320
9155.576984892320,-0.003466422182213820
9154.745984657580,-0.00879954016654716
9159.316485948650,-0.0157977492862606
9159.316485948650,-0.021106735515008700
9159.316485948650,-0.026415721743756900
9159.316485948650,-0.03172470797250500
9159.316485948650,-0.03703369420125320
9159.316485948650,-0.042342680430001300
9159.316485948650,-0.04765166665874950
9159.316485948650,-0.05296065288749760
9159.316485948650,-0.05820930972728270
9168.754274328930,-0.06397507561532250
9166.379987943950,-0.07021485813092910
9166.379987943950,-0.07552384435967720
9166.379987943950,-0.08083283058842530
9166.379987943950,-0.08614181681717350
9169.600113853580,-0.09169212060177380
9167.54338827259,-0.09709763385286290
9177.847791183380,-0.10377408623144000
9171.441534828290,-0.11042713811975300
9175.97426338142,-0.11714015376436800
9172.404739645830,-0.12143450936055600
9188.920869311310,-0.04903924260489960
9187.985994047230,-0.05568754126862740
9189.232494399340,-0.061648084898176400
9189.232494399340,-0.0669570711269245
9189.232494399340,-0.07226605735567270
9189.232494399340,-0.0775750435844208
9189.232494399340,-0.08270304164627980
9186.739493695110,-0.08710708704058220
9186.739493695110,-0.09241607326933040
9185.492993343000,-0.09555320149540890
9194.04042432891,0.011040210318157800
9192.971995455670,0.004834901739101510
9192.971995455670,-0.0004740844896466420
9192.971995455670,-0.005783070718394790
9192.971995455670,-0.011092056947142900
9192.971995455670,-0.016401043175891100
9192.971995455670,-0.02171002940463920
9192.971995455670,-0.027019015633387400
9192.971995455670,-0.032328001862135500
9192.971995455670,-0.037009562445668
9190.478994751450,-0.04149806898451870
9198.511997020610,0.054063683132947900
9197.95799686412,0.04663110241270050
9197.95799686412,0.04132211618395240
9197.95799686412,0.036013129955204200
9197.95799686412,0.03070414372645610
9198.78899709886,0.02498491765275920
9196.711496512010,0.020339554702604600
9192.971995455670,0.016900779531710900
9211.544850702140,0.11066471585807900
9209.488125121150,0.10287015880405300
9209.488125121150,0.09756117257530480
9209.488125121150,0.09225218634655670
9209.488125121150,0.08694320011780850
9209.488125121150,0.08163421388906040
9209.488125121150,0.07632522766031230
9210.423000385240,0.0707682206102716
9208.28614263876,0.06578482156005420
9210.423000385240,0.06106189225266130
9212.417400948620,0.1425146112713030
9212.916001089460,0.13514638189928300
9212.916001089460,0.129837395670535
9212.916001089460,0.12452840944178700
9212.916001089460,0.11921942321303900
9218.73300273265,0.11632361254281200
9212.916001089460,0.15126639463020900
9226.315879874660,0.055209941523245800
9225.38100461058,0.04817553477015450
9225.38100461058,0.04286654854140630
9225.38100461058,0.03755756231265820
9225.38100461058,0.032248576083910100
9225.38100461058,0.026939589855161900
9225.38100461058,0.02163060362641380
9225.38100461058,0.016321617397665600
9225.38100461058,0.011012631168917500
9224.31257573734,0.005007271421853090
9226.627504962690,0.11077330875821200
9226.627504962690,0.105464322529464
9226.627504962690,0.10015533630071600
9226.627504962690,0.0948463500719677
9226.627504962690,0.08953736384321960
9226.627504962690,0.08422837761447140
9226.627504962690,0.07891939138572330
9226.627504962690,0.07361040515697510
9226.627504962690,0.068301418928227
9226.627504962690,0.06299243269947890
9228.497255490860,-0.0014393547130554000
9230.367006019030,-0.00723097605350792
9230.367006019030,-0.012539962282256100
9230.367006019030,-0.017848948511004200
9230.367006019030,-0.02315793473975240
9230.367006019030,-0.02846692096850050
9230.367006019030,-0.033775907197248700
9230.367006019030,-0.03898836640365590
9234.996864469730,-0.04735863819807180
9235.353007427470,-0.05395005486649160
9235.353007427470,-0.05925904109523970
9235.353007427470,-0.06456802732398790
9235.353007427470,-0.06987701355273600
9235.353007427470,-0.0751859997814841
9235.353007427470,-0.08049498601023230
9238.677008366440,-0.08598093844660540
9237.489865173950,-0.09155422485557260
9247.610260889910,-0.09881098849941340
9246.883135684510,-0.10562820945223800
9246.883135684510,-0.11093719568098600
9247.818010948590,-0.1155167447522720
9247.818010948590,-0.12082573098102000
9246.779260655170,-0.12616031149599500
9250.80961179366,-0.13295742265249800
9247.506385860560,-0.14001596116117500
9262.063729258440,-0.0865899779923276
9261.945014939190,-0.09394441778972760
9266.20389114224,-0.02454551068590240
9265.269015878160,-0.031459258661067600
9265.269015878160,-0.03676824488981580
9265.269015878160,-0.04207723111856390
9265.269015878160,-0.047386217347312100
9265.269015878160,-0.05269520357606020
9265.269015878160,-0.05800418980480840
9265.269015878160,-0.06331317603355650
9265.269015878160,-0.06862216226230470
9265.269015878160,-0.07393114849105280
9262.776015173930,-0.07866097258575570
9264.022515526050,-0.10037955261245300
9263.607015408670,-0.10568853884120100
9270.809017443100,0.04596613848101890
9270.255017286600,0.03861935955840780
9270.255017286600,0.03331037332965970
9270.255017286600,0.028001387100911500
9270.255017286600,0.0226924008721634
9270.255017286600,0.01738341464341530
9270.255017286600,0.01207442841466720
9270.255017286600,0.006765442185919010
9270.255017286600,0.0014564559571708700
9270.255017286600,-0.0038525302715772800
9270.255017286600,-0.009161516500325430
9270.255017286600,-0.013987867617369200
9265.269015878160,-0.01688367828759550
9280.227020103500,0.095208326405746
9280.583163061250,0.0879860366984555
9280.583163061250,0.08267705046970740
9280.583163061250,0.07736806424095920
9280.583163061250,0.07205907801221110
9280.583163061250,0.06675009178346300
9280.227020103500,0.061152386336105900
9281.22422038519,0.05638033166912890
9288.329272392230,0.0514091900185738
9287.049969399270,0.15168298493715400
9286.459521864060,0.14402686795464400
9286.459521864060,0.13871788172589600
9286.459521864060,0.1334088954971470
9286.459521864060,0.12809990926839900
9286.459521864060,0.122887450061992
9285.836271688000,0.11753020032207300
9287.429022137920,0.1120871487845190
9287.429022137920,0.10683178867929300
9290.199022920390,0.10176412000639700
9286.459521864060,0.17520509617074600
9286.459521864060,0.16989610994199800
9288.952522568280,0.164406135546361
9288.418308131660,0.15941603323070300
9300.669625878130,0.09286754611397980
9300.171025737290,0.08607847887600490
9300.171025737290,0.08076949264725670
9300.171025737290,0.07546050641850860
9300.171025737290,0.07015152018976050
9300.171025737290,0.0648425339610123
9300.171025737290,0.05953354773226420
9300.171025737290,0.05422456150351610
9300.171025737290,0.04891557527476790
9300.171025737290,0.04360658904601980
9302.664026441510,0.03842630551372610
9302.664026441510,0.033117319284978000
9302.664026441510,0.027808333056229800
9302.664026441510,0.02249934682748170
9302.664026441510,0.017190360598733500
9302.664026441510,0.011881374369985400
9302.664026441510,0.006572388141237230
9301.83302620677,0.001255357993960700
9302.664026441510,0.11101462631406400
9302.664026441510,0.10570564008531600
9302.664026441510,0.10039665385656800
9305.65562728658,-0.006362232852440090
9307.650027849960,-0.012636489304597000
9307.650027849960,-0.017945475533345100
9307.650027849960,-0.02325446176209330
9307.650027849960,-0.028563447990841400
9307.650027849960,-0.03387243421958950
9307.650027849960,-0.03918142044833770
9307.650027849960,-0.044490406677085800
9307.650027849960,-0.04979939290583400
9307.650027849960,-0.05510837913458210
9307.650027849960,-0.060417365363330300
9306.819027615220,-0.06623311845936800
9309.727528436810,-0.0723464965409567
9315.96003019737,-0.07994799955030060
9315.96003019737,-0.08525698577904880
9315.96003019737,-0.09056597200779690
9315.96003019737,-0.09587495823654510
9315.96003019737,-0.10118394446529300
9315.96003019737,-0.10649293069404100
9315.96003019737,-0.11180191692279000
9315.96003019737,-0.11711090315153800
9315.96003019737,-0.12213835223179200
9326.430633155110,-0.12924113229237400
9325.101032779520,-0.13530478433215100
9324.062282486100,-0.14071980403241000
9325.101032779520,-0.14512672225475800
9325.101032779520,-0.15043570848350700
9324.525724924700,-0.1569963637931580
9338.812536652750,-0.08043063466200500
9338.812536652750,-0.08674511070680400
9338.812536652750,-0.09205409693555210
9338.812536652750,-0.09736308316430030
9338.812536652750,-0.1026720693930480
9338.812536652750,-0.10798105562179700
9338.812536652750,-0.1132900418505450
9339.56043686402,-0.11900926792424200
9335.073035596420,-0.12161549752744500
9343.106037865580,-0.009858656106120630
9342.552037709090,-0.017269786376958900
9342.552037709090,-0.022578772605707100
9342.552037709090,-0.027887758834455200
9342.552037709090,-0.03319674506320340
9342.552037709090,-0.038505731291951500
9342.552037709090,-0.04381471752069970
9342.552037709090,-0.0491237037494478
9342.552037709090,-0.05443268997819600
9342.552037709090,-0.059741676206944100
9342.552037709090,-0.06505066243569220
9342.552037709090,-0.06978048653039520
9340.059037004870,-0.07359330391285970
9348.09203927403,0.04253406657556560
9347.538039117540,0.035144386754136300
9347.538039117540,0.02983540052538820
9347.538039117540,0.024526414296640000
9347.538039117540,0.019217428067891900
9347.538039117540,0.013908441839143700
9347.538039117540,0.008599455610395600
9347.538039117540,0.0036765774710109700
9345.045038413310,-0.0012784763424872900
9356.79775601894,0.12046048492885000
9353.355040760730,0.11254297083446200
9353.355040760730,0.1072339846057130
9353.355040760730,0.10192499837696500
9353.355040760730,0.0966160121482171
9353.355040760730,0.09130702591946900
9353.355040760730,0.08599803969072080
9353.355040760730,0.08068905346197270
9353.355040760730,0.07538006723322460
9355.7293271457,0.06978379819989050
9350.03103982176,0.06448860154576240
9350.03103982176,0.05917961531701430
9350.03103982176,0.054305000688800100
9349.20003958702,0.05020260223931290
9360.58963103965,0.1757161215831390
9362.496043342880,0.16853595644537700
9362.496043342880,0.16322697021662900
9362.496043342880,0.15791798398788100
9362.496043342880,0.15260899775913200
9362.496043342880,0.14730001153038400
9362.496043342880,0.14199102530163600
9362.496043342880,0.136682039072888
9362.496043342880,0.13168018427886100
9363.493243624570,0.12732769308967200
9363.534793636310,0.1910918352643490
9362.496043342880,0.1836856845621230
9373.714546511890,0.12259786899496900
9373.714546511890,0.11728888276622100
9376.207547216110,0.11053199120236000
9376.207547216110,0.10522300497361200
9376.207547216110,0.09991401874486370
9376.207547216110,0.09460503251611550
9376.207547216110,0.0892960462873674
9376.207547216110,0.08398706005861930
9376.207547216110,0.0786780738298711
9376.207547216110,0.07336908760112300
9376.207547216110,0.06812043076133780
9377.45404756822,0.06226848003192230
9377.45404756822,0.056959493803174200
9377.45404756822,0.05165050757442600
9377.45404756822,0.04634152134567790
9377.45404756822,0.041032535116929700
9377.45404756822,0.03572354888818160
9379.947048272440,0.03070414372645610
9379.947048272440,0.025395157497707900
9379.947048272440,0.020086171268959800
9379.947048272440,0.014777185040211600
9379.947048272440,0.00946819881146349
9379.947048272440,0.004159212582715340
9379.947048272440,-0.001149773646032750
9379.947048272440,-0.006458759874780900
9379.947048272440,-0.011429901525336000
9382.938649117510,-0.019103799801435600
9384.93304968089,-0.02508847518656990
9384.93304968089,-0.030397461415318000
9384.93304968089,-0.035706447644066200
9384.93304968089,-0.04101543387281430
9384.93304968089,-0.04632442010156250
9384.93304968089,-0.05163340633031060
9384.93304968089,-0.0569423925590587
9384.93304968089,-0.062251378787806800
9384.93304968089,-0.06756036501655500
9384.93304968089,-0.07286935124530310
9384.10204944615,-0.07874141177103970
9387.010550267740,-0.08469391148206040
9395.617338413280,-0.0924505472058807
9393.243052028300,-0.09844901216563510
9393.243052028300,-0.10375799839438300
9393.243052028300,-0.10906698462313100
9393.243052028300,-0.1143759708518800
9393.243052028300,-0.11968495708062800
9393.243052028300,-0.1249939433093760
9392.055908835820,-0.13061319496707700
9401.276054297470,-0.13499521534636100
9403.422804903880,-0.14148397629260900
9402.384054610460,-0.14693190293230200
9401.49369721609,-0.15260756648617600
9402.959362465280,-0.1597065455742680
9401.449179346370,-0.1662592453601
9414.136772216080,-0.08376311519520190
9417.896058992290,-0.013558858629187500
9417.342058835800,-0.020937813225912200
9417.342058835800,-0.026246799454660400
9417.342058835800,-0.0315557856834085
9417.342058835800,-0.036864771912156600
9417.342058835800,-0.04217375814090480
9417.342058835800,-0.04748274436965290
9417.342058835800,-0.05279173059840110
9417.342058835800,-0.058100716827149200
9417.342058835800,-0.06340970305589730
9417.342058835800,-0.06871868928464550
9417.342058835800,-0.07349677689051880
9412.35605742735,-0.07673043213893820
9415.347658272420,-0.09381571509327310
9414.849058131580,-0.10070130935358900
9414.849058131580,-0.10601029558233700
9414.849058131580,-0.11131928181108500
9414.849058131580,-0.11662826803983300
9414.849058131580,-0.12193725426858100
9414.849058131580,-0.1269244837561930
9414.849058131580,-0.13464664554346300
9423.26293550833,0.04133418206174490
9422.328060244250,0.034565224620091100
9422.328060244250,0.029256238391342900
9422.328060244250,0.0239472521625948
9422.328060244250,0.018638265933846700
9422.328060244250,0.013329279705098500
9422.328060244250,0.00802029347635036
9422.328060244250,0.0027113072476022100
9421.081559892130,-0.0016203428799445600
9418.588559187910,-0.005783070718394790
9431.393517350510,0.1241335261685740
9430.638062591660,0.11656493009866500
9430.638062591660,0.11125594386991700
9430.638062591660,0.10594695764116800
9430.638062591660,0.10063797141242000
9430.638062591660,0.09532898518367210
9430.638062591660,0.09001999895492400
9433.012348976630,0.08436627336067270
9427.314061652690,0.07916070894157550
9427.314061652690,0.07385172271282730
9427.314061652690,0.06854273648407920
9427.314061652690,0.06323375025533110
9427.314061652690,0.05792476402658290
9427.314061652690,0.053243203443050400
9424.821060948470,0.04875469690419980
9439.25422292029,0.1796250177200390
9439.77906517381,0.1725286650967490
9439.77906517381,0.16721967886800100
9439.77906517381,0.16191069263925300
9439.77906517381,0.15660170641050500
9439.77906517381,0.15129272018175700
9439.77906517381,0.1459837339530090
9439.77906517381,0.14067474772426100
9439.77906517381,0.135782582728348
9440.402315349870,0.132371230006983
9440.817815467240,0.20002058483088000
9439.77906517381,0.19278680381140600
9439.77906517381,0.18747781758265800
9450.997568342820,0.12742422011201300
9453.49056904704,0.1219945751053390
9453.49056904704,0.11668558887659100
9453.49056904704,0.1113766026478430
9453.49056904704,0.10606761641909400
9453.49056904704,0.10075863019034600
9453.49056904704,0.09544964396159820
9453.49056904704,0.09014065773285000
9452.742668835770,0.08418011410330100
9454.737069399150,0.07948246568271180
9454.737069399150,0.07417347945396360
9457.230070103380,0.06892884457344270
9457.230070103380,0.06361985834469450
9457.230070103380,0.05831087211594640
9457.230070103380,0.05300188588719820
9457.230070103380,0.04769289965845010
9457.230070103380,0.042383913429701900
9457.230070103380,0.037074927200953800
9457.230070103380,0.0317659409722057
9457.230070103380,0.02645695474345760
9457.230070103380,0.021147968514709400
9457.230070103380,0.015838982285961300
9457.230070103380,0.010529996057213100
9457.230070103380,0.005221009828464960
9456.161641230140,-0.0009222456648007030
9460.221670948450,-0.007520557120530570
9462.216071511820,-0.014373975706732700
9462.216071511820,-0.019682961935480800
9462.216071511820,-0.02499194816422900
9462.216071511820,-0.030300934392977100
9462.216071511820,-0.035609920621725200
9462.216071511820,-0.04091890685047340
9462.216071511820,-0.04622789307922150
9462.216071511820,-0.051536879307969700
9462.216071511820,-0.05684586553671780
9462.216071511820,-0.06215485176546600
9462.216071511820,-0.06746383799421410
9461.385071277080,-0.07286935124530310
9465.207672356890,-0.08059151303257320
9467.20207292027,-0.08657618841770740
9467.20207292027,-0.09188517464645560
9467.20207292027,-0.09719416087520370
9472.544217286460,-0.10251693667857200
9472.544217286460,-0.10782592290732000
9471.253199064640,-0.11322971246158200
9480.664276723080,-0.12145461915687700
9479.390076363140,-0.1286941458324430
9479.390076363140,-0.1340031320611910
9479.390076363140,-0.13917805298113200
9477.79732591322,-0.14435967716651400
9478.420576089280,-0.1495600704951290
9478.420576089280,-0.1548449249682920
9480.9135767935,-0.1605882827975740
9479.944076519640,-0.16615199311305500
9480.023219399140,-0.17136138796954600
9495.559955930810,-0.061225779175435000
9494.62508066673,-0.0682360541729411
9494.62508066673,-0.07354504040168920
9494.62508066673,-0.07885402663043740
9494.62508066673,-0.08416301285918550
9495.040580784100,-0.08980179974759840
9492.132079962510,-0.09394441778972760
9492.132079962510,-0.09925340401847570
9492.132079962510,-0.10456239024722400
9492.132079962510,-0.109871376475972
9492.132079962510,-0.11518036270472000
9500.165082231670,0.016364518296483800
9499.611082075180,0.008985563699759110
9499.611082075180,0.0036765774710109700
9499.611082075180,-0.001632408757737130
9499.611082075180,-0.006941394986485270
9499.611082075180,-0.012250381215233400
9499.611082075180,-0.017559367443981600
9499.611082075180,-0.022868353672729700
9499.611082075180,-0.02817733990147790
9499.611082075180,-0.03348632613022600
9499.611082075180,-0.038795312358974200
9499.611082075180,-0.0441042985877223
9499.611082075180,-0.04917196726061820
9497.118081370950,-0.053805264332980300
9494.62508066673,-0.12113286241574100
9494.62508066673,-0.12644184864448900
9494.62508066673,-0.13175083487323700
9494.62508066673,-0.13886970277087700
9505.151083640120,0.09717908644520550
9504.597083483630,0.08987520842141260
9504.597083483630,0.08456622219266450
9504.597083483630,0.07925723596391630
9504.597083483630,0.07394824973516820
9504.597083483630,0.06863926350642010
9504.597083483630,0.06333027727767190
9504.597083483630,0.058021291048923800
9504.597083483630,0.05271230482017560
9504.597083483630,0.047403318591427500
9504.597083483630,0.0420943323626794
9504.597083483630,0.03678534613393130
9504.597083483630,0.03152462341635350
9503.350583131510,0.02703611687750280
9499.611082075180,0.02414030620727650
9517.240158483620,0.14790173842289900
9516.127211740660,0.14057602690595700
9516.127211740660,0.13526704067720900
9516.127211740660,0.12995805444846100
9516.127211740660,0.12464906821971300
9516.127211740660,0.11934008199096500
9515.677086613510,0.11369593249020000
9515.400086535260,0.10920474464517300
9514.569086300520,0.10425773475020300
9519.056487568120,0.19496096007651200
9519.555087708970,0.1876999829515380
9519.555087708970,0.18239099672278900
9519.555087708970,0.17708201049404100
9522.04808841319,0.17130013935786600
9522.04808841319,0.1659911531291170
9522.04808841319,0.16068216690036900
9522.04808841319,0.15565837414671900
9519.555087708970,0.20368056776130500
9535.067092090800,0.09728633869225100
9534.513091934310,0.08987520842141260
9534.513091934310,0.08456622219266450
9534.513091934310,0.07925723596391630
9534.513091934310,0.07394824973516820
9534.513091934310,0.06863926350642010
9534.513091934310,0.06333027727767190
9534.513091934310,0.058021291048923800
9534.513091934310,0.05271230482017560
9534.513091934310,0.047403318591427500
9534.513091934310,0.0420943323626794
9534.513091934310,0.03678534613393130
9533.682091699570,0.031259174104916100
9533.266591582200,0.14793621235944900
9533.266591582200,0.142627226130701
9533.266591582200,0.13731823990195300
9533.266591582200,0.1320092536732050
9533.266591582200,0.12670026744445700
9533.266591582200,0.12139128121570800
9533.266591582200,0.1160822949869600
9533.266591582200,0.11077330875821200
9533.266591582200,0.105464322529464
9537.006092638530,0.025427333171821600
9539.499093342750,0.019603536157255400
9539.499093342750,0.01429454992850730
9539.499093342750,0.008985563699759110
9539.499093342750,0.0036765774710109700
9539.499093342750,-0.001632408757737130
9539.499093342750,-0.006941394986485270
9539.499093342750,-0.012250381215233400
9538.668093108020,-0.01817070525214040
9540.745593694870,-0.023037275961826300
9540.745593694870,-0.0283462621905744
9541.992094046980,-0.03348632613022600
9541.992094046980,-0.038795312358974200
9541.992094046980,-0.0441042985877223
9541.992094046980,-0.04941328481647050
9541.992094046980,-0.054722271045218600
9541.992094046980,-0.06003125727396670
9541.992094046980,-0.06534024350271480
9541.992094046980,-0.07064922973146300
9541.992094046980,-0.07595821596021110
9541.992094046980,-0.08126720218895930
9540.923665173740,-0.08755524821573640
9545.10834492726,-0.09326068471481310
9550.30209639439,-0.09885120809205540
9550.30209639439,-0.10416019432080400
9550.30209639439,-0.10946918054955200
9550.30209639439,-0.11477816677830000
9550.30209639439,-0.12008715300704800
9550.30209639439,-0.12539613923579600
9553.522222304020,-0.1310872115946440
9551.465496723030,-0.13684263530171800
9560.551099289530,-0.14456747839516400
9559.443098976540,-0.15162662629160800
9559.443098976540,-0.15671623292412700
9555.952897990630,-0.16215684691061300
9558.81984880049,-0.168813189492869
9573.688817286400,-0.09817322067323260
9573.154602849770,-0.10544722128534900
9573.154602849770,-0.1107562075140970
9573.154602849770,-0.11606519374284500
9573.154602849770,-0.12119319180470400
9570.661602145550,-0.12620053108863700
9570.661602145550,-0.13150951731738500
9570.661602145550,-0.13681850354613300
9577.448104062610,-0.03382953332077130
9576.89410390611,-0.041111960895155200
9576.89410390611,-0.04642094712390330
9576.89410390611,-0.05172993335265150
9576.89410390611,-0.057038919581399600
9576.89410390611,-0.06234790581014780
9576.89410390611,-0.06765689203889590
9576.89410390611,-0.07296587826764410
9576.89410390611,-0.0782748644963922
9576.89410390611,-0.08358385072514040
9576.89410390611,-0.08836193833101360
9571.908102497660,-0.09072685037836510
9582.503355490610,0.041937475951375400
9581.880105314560,0.0352409137764772
9581.880105314560,0.029931927547729100
9581.880105314560,0.024622941318980900
9581.880105314560,0.01931395509023280
9581.880105314560,0.014004968861484600
9581.880105314560,0.00869598263273652
9581.880105314560,0.0033869964039883700
9581.880105314560,-0.0019219898247597700
9581.880105314560,-0.00723097605350792
9581.880105314560,-0.012539962282256100
9581.880105314560,-0.017752421488663300
9581.256855138500,-0.022011676349454400
9579.387104610330,-0.026053745409978600
9589.359107427230,0.09648730945176260
9586.866106723000,0.08871688415332210
9586.866106723000,0.08340789792457400
9586.866106723000,0.07809891169582590
9586.866106723000,0.07278992546707770
9586.866106723000,0.06748093923832950
9586.866106723000,0.06217195300958140
9587.697106957750,0.05647685869146980
9585.619606370890,0.05183149574131520
9581.880105314560,0.04827206179249540
9598.675057427220,0.16237716293860400
9599.331110244120,0.15462729004444200
9599.331110244120,0.14971318708890600
9599.054110165880,0.14404831840405300
9599.054110165880,0.13873933217530500
9599.054110165880,0.1334303459465570
9599.054110165880,0.12812135971780800
9599.054110165880,0.12281237348906000
9599.054110165880,0.11750338726031200
9599.054110165880,0.11219440103156400
9599.054110165880,0.10726079766747500
9603.818511511730,0.10237545781455600
9600.098187383880,0.19417636863851100
9600.577610596230,0.18715031518543000
9600.577610596230,0.1818413289566820
9600.577610596230,0.17653234272793300
9600.577610596230,0.1712233564991850
9591.852108131450,0.1694134748302940
9612.419363941300,0.0970182080746374
9614.289114469460,0.09016478948843530
9614.289114469460,0.08485580325968710
9614.289114469460,0.079546817030939
9614.289114469460,0.07423783080219080
9614.289114469460,0.06892884457344270
9614.289114469460,0.06361985834469450
9614.289114469460,0.05831087211594640
9613.458114234720,0.052495119019908700
9615.535614821580,0.04760843851390180
9614.289114469460,0.15348651614404900
9614.289114469460,0.14817752991530100
9614.289114469460,0.1428685436865530
9614.289114469460,0.13755955745780500
9614.289114469460,0.1322505712290570
9614.289114469460,0.12694158500030900
9614.289114469460,0.1216325987715610
9614.289114469460,0.11632361254281200
9614.289114469460,0.11101462631406400
9614.289114469460,0.10570564008531600
9616.782115173690,0.041836926969770300
9619.275115877910,0.03659229208924950
9619.275115877910,0.03128330586050130
9619.275115877910,0.025974319631753200
9619.275115877910,0.020665333403005000
9619.275115877910,0.015356347174256900
9619.275115877910,0.010047360945508700
9619.275115877910,0.004738374716760590
9619.275115877910,-0.0005706115119875620
9619.275115877910,-0.005879597740735710
9619.275115877910,-0.011188583969483900
9619.275115877910,-0.016497570198232000
9618.206687004670,-0.022951091120450500
9622.266716722980,-0.029239137147227500
9624.261117286360,-0.03667171786747490
9624.261117286360,-0.041980704096223100
9624.261117286360,-0.04728969032497120
9624.261117286360,-0.052598676553719300
9624.261117286360,-0.05790766278246750
9624.261117286360,-0.0632166490112156
9624.261117286360,-0.06852563523996370
9624.261117286360,-0.07383462146871190
9624.261117286360,-0.07914360769746000
9623.430117051620,-0.0845732527041343
9632.363369575090,-0.09096816793421730
9632.57111963377,-0.09619671497768130
9632.57111963377,-0.10150570120642900
9632.57111963377,-0.10681468743517800
9631.383976441280,-0.11279016977056500
9639.219121511700,-0.11675467247385100
9640.77724695184,-0.12354603797426300
9641.435122137680,-0.12928403319119300
9641.712122215920,-0.1343395141087420
9641.712122215920,-0.13964850033749100
9639.986198651460,-0.14552449844572400
9645.791577913740,-0.15083685974518300
9641.213522075080,-0.1569202559486200
9641.712122215920,-0.16014586727851100
9655.957840525770,-0.09293318231758510
9655.423626089150,-0.1000175762786740
9655.423626089150,-0.10532656250742200
9655.423626089150,-0.1106355487361710
9659.786377321550,-0.053141641054386700
9659.16312714549,-0.06012778429630760
9659.16312714549,-0.06543677052505580
9659.16312714549,-0.0707457567538039
9659.16312714549,-0.07605474298255210
9659.99412738023,-0.08171766162655010
9656.670126441270,-0.08541786414961690
9656.670126441270,-0.11835771052344100
9658.332126910750,-0.1249939433093760
9663.436842638440,0.016900779531710900
9662.902628201820,0.009419935300293060
9662.902628201820,0.0041109490715449100
9662.902628201820,-0.0011980371572032400
9662.902628201820,-0.006507023385951380
9662.902628201820,-0.01181600961469950
9662.902628201820,-0.017124995843447700
9662.902628201820,-0.02243398207219580
9662.902628201820,-0.027742968300943900
9662.902628201820,-0.03305195452969210
9663.65052841309,-0.03918142044833770
9661.656127849710,-0.043428609431336200
9659.16312714549,-0.048254960548380000
9667.196129414650,0.08393343393509660
9666.642129258160,0.07645795231603100
9666.642129258160,0.07114896608728280
9666.642129258160,0.06583997985853470
9666.642129258160,0.060530993629786500
9666.642129258160,0.05522200740103840
9666.642129258160,0.04991302117229020
9666.642129258160,0.04460403494354210
9666.642129258160,0.039295048714793900
9666.642129258160,0.0339860624860458
9667.057629375530,0.028282924249405800
9664.149128553940,0.024864258874833100
9679.314882837960,0.12635840090699900
9674.952131605570,0.11921942321303900
9674.952131605570,0.1139104369842910
9674.952131605570,0.10860145075554200
9674.952131605570,0.1032924645267940
9675.18956024407,0.0975353171228921
9674.619731511680,0.09286754611397980
9682.186721884500,0.17006645174612900
9684.093134187730,0.16300759062039900
9684.093134187730,0.15769860439165100
9684.093134187730,0.15238961816290300
9684.093134187730,0.14708063193415500
9684.093134187730,0.14177164570540700
9684.093134187730,0.13666010111326500
9685.090334469420,0.13254015229608000
9684.093134187730,0.18347884094282100
9684.093134187730,0.17816985471407300
9697.112137865340,0.08816989769339050
9696.558137708840,0.08060861427668860
9696.558137708840,0.07529962804794050
9696.558137708840,0.06999064181919240
9696.558137708840,0.06472991910161460
9695.311637356730,0.12838949033542200
9695.311637356730,0.12308050410667400
9697.804638060960,0.11753020032207300
9697.804638060960,0.11222121409332500
9697.804638060960,0.10691222786457700
9697.804638060960,0.10160324163582900
9697.804638060960,0.09629425540708080
9699.051138413070,0.05905091262055980
9701.54413911729,0.05358104802124350
9701.54413911729,0.04827206179249540
9701.54413911729,0.04296307556374720
9701.54413911729,0.037654089334999100
9701.54413911729,0.03234510310625090
9701.54413911729,0.02703611687750280
9700.475710244050,0.02086528223499680
9704.037139821510,0.01625726604943840
9706.530140525740,0.009661252856145280
9706.530140525740,0.004352266627397130
9706.530140525740,-0.0009567196013510190
9706.530140525740,-0.006265705830099170
9706.530140525740,-0.011574692058847300
9706.530140525740,-0.01688367828759550
9706.530140525740,-0.022192664516343600
9706.530140525740,-0.027501650745091800
9706.530140525740,-0.0328106369738399
9706.530140525740,-0.03811962320258810
9705.4617116525,-0.0440836142257921
9709.023141229960,-0.04970286588349300
9711.516141934190,-0.05510837913458210
9711.516141934190,-0.060417365363330300
9711.516141934190,-0.0657263515920784
9711.516141934190,-0.07103533782082660
9711.516141934190,-0.0763443240495747
9711.516141934190,-0.08165331027832280
9711.516141934190,-0.08696229650707090
9710.685141699450,-0.09269761041782470
9719.826144281600,-0.09748374194222640
9721.714781178740,-0.10476714453703800
9721.844287708830,-0.11148016018165300
9723.704145377060,-0.11716452927506000
9725.405717286290,-0.12154654965434500
9728.740510436100,-0.12683673191770200
9727.72064651164,-0.13230586525169700
9725.227645807420,-0.13778377376954200
9723.731845384880,-0.14330994579855700
9726.830289117270,-0.14864306378289000
9739.87402494473,-0.07811800808508820
9738.939149680650,-0.08512828308259430
9738.939149680650,-0.09043726931134240
9740.185650032760,-0.09603583660711320
9744.479151245590,-0.02197816002225280
9743.925151089090,-0.029432191191909300
9743.925151089090,-0.03474117742065740
9743.925151089090,-0.04005016364940560
9743.925151089090,-0.045359149878153700
9743.925151089090,-0.050668136106901800
9743.925151089090,-0.05597712233564990
9743.925151089090,-0.06128610856439810
9744.340651206470,-0.06687663194164050
9741.43215038487,-0.07021485813092910
9741.43215038487,-0.10303404572682700
9742.055400560930,-0.10936863156794700
9738.939149680650,-0.112445430405062
9738.939149680650,-0.11775441663381000
9749.846027761630,0.01925362570126980
9748.91115249754,0.012460536504030600
9748.91115249754,0.00715155027528247
9748.91115249754,0.001842564046534320
9748.91115249754,-0.003466422182213820
9748.91115249754,-0.008775408410961970
9748.91115249754,-0.013167387927471700
9754.728154140730,0.08052817509140450
9753.897153905990,0.07452741186921340
9753.897153905990,0.06921842564046530
9753.897153905990,0.06390943941171720
9753.897153905990,0.058600453182969000
9753.897153905990,0.05329146695422090
9753.897153905990,0.04798248072547270
9753.897153905990,0.042673494496724600
9753.897153905990,0.03736450826797640
9754.312654023360,0.031701589623978500
9751.404153201760,0.02703611687750280
9767.484007744010,0.13414491404249700
9765.427282163020,0.12603664416586300
9765.427282163020,0.12102930488193000
9762.2071562534,0.1158409774311080
9762.2071562534,0.11053199120236000
9762.2071562534,0.10522300497361200
9762.2071562534,0.09991401874486370
9762.2071562534,0.09460503251611550
9762.2071562534,0.08973846180642980
9763.03815648814,0.08382618168805110
9769.68615836607,0.156961488948321
9768.85515813133,0.15010807036211900
9768.85515813133,0.1447990841333710
9773.48501658203,0.14086905536663500
9771.348158835550,0.16824136098758300
9768.85515813133,0.1640079615792050
9784.367162513170,0.07519237580089510
9782.98216212193,0.0674970270753864
9782.56666200456,0.13514638189928300
9782.56666200456,0.129837395670535
9782.56666200456,0.12452840944178700
9782.56666200456,0.11921942321303900
9785.059662708780,0.11234187287125100
9785.059662708780,0.10703288664250300
9785.059662708780,0.10172390041375500
9785.059662708780,0.09641491418500690
9785.059662708780,0.0911059279562588
9785.059662708780,0.08579694172751070
9782.56666200456,0.08205651961180170
9786.80476320174,0.06043446660744570
9788.799163765120,0.054063683132947900
9788.799163765120,0.04875469690419980
9788.799163765120,0.04344571067545160
9788.799163765120,0.03813672444670350
9788.799163765120,0.032827738217955300
9788.799163765120,0.02751875198920720
9788.799163765120,0.02220976576045900
9788.799163765120,0.016900779531710900
9788.799163765120,0.011591793302962800
9787.968163530380,0.005759952369868200
9790.87666435197,-0.0007154020454988590
9791.292164469340,-0.00732750307584884
9791.292164469340,-0.012636489304597000
9791.292164469340,-0.017945475533345100
9791.292164469340,-0.02325446176209330
9791.292164469340,-0.028563447990841400
9790.223735596100,-0.03470670348410710
9794.408415349620,-0.041136092650740400
9796.27816587779,-0.0469035822356077
9796.27816587779,-0.052212568464355800
9796.27816587779,-0.05752155469310400
9796.27816587779,-0.06283054092185210
9796.27816587779,-0.06813952715060030
9796.27816587779,-0.07344851337934840
9796.27816587779,-0.07875749960809660
9796.27816587779,-0.08406648583684470
9803.445542902430,-0.09241607326933040
9804.5881682252,-0.09885120809205540
9804.5881682252,-0.10416019432080400
9804.5881682252,-0.10946918054955200
9804.5881682252,-0.11477816677830000
9803.401025032710,-0.12020206612888200
9813.729170807350,-0.12743929454201100
9813.729170807350,-0.13371850109787800
9814.06157090125,-0.14127483441087000
9812.482670455240,-0.14616955883540500
9827.974889117200,-0.09307107806378630
9827.440674680580,-0.10050021139037900
9827.440674680580,-0.10580919761912700
9827.440674680580,-0.11111818384787500
9827.689974751010,-0.11707872747742400
9824.94767397636,-0.12089154485988900
9832.115051001010,-0.04698804338015590
9831.18017573692,-0.053853527844150700
9831.18017573692,-0.05916251407289890
9831.18017573692,-0.064471500301647
9831.18017573692,-0.06978048653039520
9831.18017573692,-0.0750894727591433
9831.18017573692,-0.08039845898789140
9831.18017573692,-0.08532133712727600
9836.72017730186,-0.006694714818280880
9836.166177145370,-0.014180921662050900
9836.166177145370,-0.019489907890799100
9836.166177145370,-0.02479889411954720
9836.166177145370,-0.03010788034829540
9836.581677262740,-0.035585788866140100
9833.673176441140,-0.039326210981849000
9842.087053817900,0.05074556673998030
9841.152178553810,0.04383181876481510
9841.152178553810,0.03852283253606690
9841.152178553810,0.03321384630731880
9841.152178553810,0.02790486007857070
9841.152178553810,0.022595873849822500
9841.152178553810,0.017286887621074400
9841.152178553810,0.01197790139232620
9841.152178553810,0.006717178674748530
9839.905678201700,0.0023613967916165700
9852.27479708035,0.10618827519702100
9851.480324328460,0.09867295702905240
9851.480324328460,0.09381213197545830
9846.138179962260,0.08784814095225430
9846.138179962260,0.08253915472350610
9846.138179962260,0.07723016849475800
9846.138179962260,0.07192118226600990
9846.138179962260,0.0666121960372617
9846.138179962260,0.061689317897877000
9843.645179258040,0.05816608158243510
9858.60318348338,0.13601512510035100
9858.60318348338,0.1288063115682580
9858.326183405130,0.12340226084781
9858.326183405130,0.11817371380434600
9858.60318348338,0.11358868024315400
9858.60318348338,0.16079499069271600
9858.60318348338,0.15354014226757200
9858.60318348338,0.14823115603882400
9856.110182779160,0.14355802241755900
9871.691437180550,0.10848079197761600
9871.068187004500,0.10200543756224900
9871.068187004500,0.09669645133350120
9871.068187004500,0.09138746510475300
9873.561187708720,0.08601412752777760
9873.561187708720,0.08070514129902950
9873.561187708720,0.07539615507028130
9873.561187708720,0.07008716884153320
9873.561187708720,0.06477818261278510
9873.561187708720,0.059469196384036900
9873.561187708720,0.05416021015528880
9873.561187708720,0.04885122392654070
9873.561187708720,0.04354223769779250
9872.73018747398,0.0379758460761353
9873.561187708720,0.13321584145246600
9873.561187708720,0.1279068552237180
9873.561187708720,0.12259786899496900
9873.561187708720,0.11728888276622100
9876.552788553790,0.03060761670411520
9878.54718911717,0.024912522386003600
9878.54718911717,0.019603536157255400
9878.54718911717,0.01429454992850730
9878.54718911717,0.008985563699759110
9878.54718911717,0.0036765774710109700
9878.54718911717,-0.001632408757737130
9879.37818935191,-0.005059118050838250
9881.040189821390,-0.010287665094302300
9881.040189821390,-0.015596651323050500
9881.040189821390,-0.02090563755179860
9881.040189821390,-0.026214623780546800
9883.533190525620,-0.0328106369738399
9883.533190525620,-0.03811962320258810
9883.533190525620,-0.043428609431336200
9883.533190525620,-0.04873759566008430
9883.533190525620,-0.054046581888832400
9882.464761652380,-0.059872677165835300
9886.02619122984,-0.06562982456973750
9888.519191934060,-0.07026312164209950
9888.519191934060,-0.07557210787084770
9888.519191934060,-0.08088109409959580
9888.519191934060,-0.08619008032834400
9888.519191934060,-0.09149906655709210
9888.519191934060,-0.09680805278584030
9887.688191699320,-0.10263184980040600
9895.998194046730,-0.1074467096052670
9900.984195455180,-0.11548603160880000
9898.847337708700,-0.12182234114674700
9898.847337708700,-0.1271313273754950
9900.049320191100,-0.1321731405959780
9899.945445161760,-0.13810553051067800
9906.437634495670,-0.1436206421517170
9903.477196159410,-0.1506004172914690
9905.97019686363,-0.15550337715640200
9916.496199837020,-0.09362266104859140
9915.942199680520,-0.10095871474649800
9918.019700267380,-0.10842347114085900
9918.435200384750,0.19981948686767000
9918.435200384750,0.09975314037429560
9919.058450560800,-0.0006550726565358050
9918.933800525590,-0.03947100151536030
9918.435200384750,-0.046485298472130600
9918.435200384750,-0.05179428470087870
9918.435200384750,-0.05710327092962690
9918.435200384750,-0.062412257158375000
9918.435200384750,-0.06772124338712320
9918.435200384750,-0.0730302296158713
9918.435200384750,-0.07833921584461950
9918.435200384750,-0.0836482020733676
9915.942199680520,-0.08686576948473010
9918.435200384750,-0.11550211944585600
9918.435200384750,-0.12081110567460500
9918.435200384750,-0.12555701760636400
9917.188700032640,-0.13175083487323700
9915.942199680520,-0.13464664554346300
9920.92820108897,-0.008678881388621050
9920.92820108897,-0.013987867617369200
9920.92820108897,-0.019296853846117300
9920.92820108897,-0.024605840074865500
9920.92820108897,-0.02991482630361360